subject_id,title,rating,genre,release_year,duration,summary,country,directors,detail_url,comment_len
,Inception,8.8,Sci-Fi,2010,148,A thief who steals corporate secrets through the use of dream-sharing technology is given the inverse task of planting an idea into the mind of a CEO.,,,,
,The Shawshank Redemption,9.3,Drama,1994,142,Two imprisoned men bond over a number of years,,,,
,The Godfather,9.2,Crime,1972,175,An organized crime dynasty's aging patriarch transfers control of his clandestine empire to his reluctant son.,,,,
,The Dark Knight,9.0,Action,2008,152,When the menace known as the Joker emerges from his mysterious past,,,,
,Pulp Fiction,8.9,Crime,1994,154,The lives of two mob hitmen,,,,
,Forrest Gump,8.8,Drama,1994,142,The presidencies of Kennedy and Johnson,,,,
,Fight Club,8.8,Drama,1999,139,A depressed man,,,,
,The Matrix,8.7,Sci-Fi,1999,136,A computer hacker learns from mysterious rebels about the true nature of his reality and his role in the war against its controllers.,,,,
,Goodfellas,8.7,Crime,1990,146,The story of Henry Hill and his life in the mob,,,,
,The Lord of the Rings: The Return of the King,8.9,Fantasy,2003,201,The final confrontation between the forces of good and evil fighting for control of the future of Middle-earth.,,,,
1292052,肖申克的救赎,9.7,... 1994/犯罪 剧情/美国,1994,0,,美国/犯罪 剧情,弗兰克·德拉邦特/Frank/Darabont,https://movie.douban.com/subject/1292052/,0
1291546,霸王别姬,9.6,中国大陆 中国香港/剧情 爱情 同性,1993,0,,中国大陆 中国香港/剧情 爱情 同性,陈凯歌/Kaige/Chen,https://movie.douban.com/subject/1291546/,0
1292722,泰坦尼克号,9.5,剧情 爱情 灾难/美国,1997,0,,美国/剧情 爱情 灾难,詹姆斯·卡梅隆/James/Cameron,https://movie.douban.com/subject/1292722/,0
1292720,阿甘正传,9.5,... 1994/剧情 爱情/美国,1994,0,,美国/剧情 爱情,罗伯特·泽米吉斯/Robert/Zemeckis,https://movie.douban.com/subject/1292720/,0
1291561,千与千寻,9.4,剧情 动画 奇幻/日本,2001,0,,日本/剧情 动画 奇幻,宫崎骏/Hayao/Miyazaki,https://movie.douban.com/subject/1291561/,0
1292063,美丽人生,9.5,剧情 喜剧 爱情 战争/意大利,1997,0,,意大利/剧情 喜剧 爱情 战争,罗伯托·贝尼尼/Roberto/Benigni,https://movie.douban.com/subject/1292063/,0
1889243,星际穿越,9.4,剧情 科幻 冒险/美国 英国 加拿大,2014,0,,美国 英国 加拿大/剧情 科幻 冒险,克里斯托弗·诺兰/Christopher/Nolan,https://movie.douban.com/subject/1889243/,0
1295644,这个杀手不太冷,9.4,剧情 动作 犯罪/法国 美国,1994,0,,法国 美国/剧情 动作 犯罪,吕克·贝松/Luc/Besson,https://movie.douban.com/subject/1295644/,0
3541415,盗梦空间,9.4,剧情 科幻 悬疑 冒险/美国 英国,2010,0,,美国 英国/剧情 科幻 悬疑 冒险,克里斯托弗·诺兰/Christopher/Nolan,https://movie.douban.com/subject/3541415/,0
1292064,楚门的世界,9.4,剧情 科幻/美国,1998,0,,美国/剧情 科幻,彼得·威尔/Peter/Weir,https://movie.douban.com/subject/1292064/,0
1295124,辛德勒的名单,9.5,剧情 历史 战争/美国,1993,0,,美国/剧情 历史 战争,史蒂文·斯皮尔伯格/Steven/Spielberg,https://movie.douban.com/subject/1295124/,0
3011091,忠犬八公的故事,9.4,剧情/美国 英国,2009,0,,美国 英国/剧情,莱塞·霍尔斯道姆/Lasse/Hallström,https://movie.douban.com/subject/3011091/,0
1292001,海上钢琴师,9.3,... 1998/剧情 音乐/意大利,1998,0,,意大利/剧情 音乐,朱塞佩·托纳多雷/Giuseppe/Tornatore,https://movie.douban.com/subject/1292001/,0
25662329,疯狂动物城,9.3,喜剧 动画 冒险/美国,2016,0,,美国/喜剧 动画 冒险,拜伦·霍华德/Byron/Howard,https://movie.douban.com/subject/25662329/,0
3793023,三傻大闹宝莱坞,9.2,剧情 喜剧 爱情 歌舞/卡... 2009/印度,2009,0,,印度/剧情 喜剧 爱情 歌舞,拉库马·希拉尼/Rajkumar/Hirani,https://movie.douban.com/subject/3793023/,0
2131459,机器人总动员,9.3,科幻 动画 冒险/美国/艾丽... 2008,2008,0,,美国/科幻 动画 冒险,安德鲁·斯坦顿/Andrew/Stanton,https://movie.douban.com/subject/2131459/,0
1291549,放牛班的春天,9.3,剧情 音乐/法国 瑞士 德国,2004,0,,法国 瑞士 德国/剧情 音乐,克里斯托夫·巴拉蒂/Christophe/Barratier,https://movie.douban.com/subject/1291549/,0
1307914,无间道,9.3,中国香港/剧情 犯罪 惊悚/导演: 刘伟强,2002,0,,中国香港/剧情 犯罪 惊悚,刘伟强/麦兆辉,https://movie.douban.com/subject/1307914/,0
1296141,控方证人,9.6,剧情 犯罪 悬疑 惊悚/玛琳·... 1957/美国,1957,0,,美国/剧情 犯罪 悬疑 惊悚,比利·怀尔德/Billy/Wilder,https://movie.douban.com/subject/1296141/,0
20495023,寻梦环游记,9.1,喜剧 动画 奇幻 音乐/美国,2017,0,,美国/喜剧 动画 奇幻 音乐,李·昂克里奇/Lee/Unkrich,https://movie.douban.com/subject/20495023/,0
1292213,大话西游之大圣娶亲,9.2,中国香港 中国大陆/喜剧 爱情 奇幻 古装,1995,0,,中国香港 中国大陆/喜剧 爱情 奇幻 古装,刘镇伟/Jeffrey/Lau,https://movie.douban.com/subject/1292213/,0
5912992,熔炉,9.3,... 2011/剧情/韩国,2011,0,,韩国/剧情,黄东赫/Dong-hyuk/Hwang,https://movie.douban.com/subject/5912992/,0
6786002,触不可及,9.3,剧情 喜剧/法国,2011,0,,法国/剧情 喜剧,,https://movie.douban.com/subject/6786002/,0
1291841,教父,9.3,剧情 犯罪/美国,1972,0,,美国/剧情 犯罪,弗朗西斯·福特·科波拉/Francis/Ford,https://movie.douban.com/subject/1291841/,0
1293172,末代皇帝,9.3,剧情 传记 历史/陈... 1987,1987,0,,英国 意大利 中国大陆 法国/剧情 传记 历史,贝纳尔多·贝托鲁奇/Bernardo/Bertolucci,https://movie.douban.com/subject/1293172/,0
1295038,哈利·波特与魔法石,9.2,Emma Watson/奇幻 冒险/美国 英国,2001,0,,Emma Watson/美国 英国/奇幻 冒险,Chris/Columbus,https://movie.douban.com/subject/1295038/,0
1849031,当幸福来敲门,9.1,剧情 传记 家庭/美国,2006,0,,美国/剧情 传记 家庭,加布里尔·穆奇诺/Gabriele/Muccino,https://movie.douban.com/subject/1849031/,0
1291560,龙猫,9.2,动画 奇幻 冒险/日本,1988,0,,日本/动画 奇幻 冒险,宫崎骏/Hayao/Miyazaki,https://movie.douban.com/subject/1291560/,0
1292365,活着,9.3,中国大陆 中国香港/剧情 历史 家庭/巩俐 Li Gong,1994,0,,巩俐 Li Gong/中国大陆 中国香港/剧情 历史 家庭,张艺谋/Yimou/Zhang,https://movie.douban.com/subject/1292365/,0
3319755,怦然心动,9.1,剧情 喜剧 爱情/卡... 2010/美国,2010,0,,美国/剧情 喜剧 爱情,罗伯·莱纳/Rob/Reiner,https://movie.douban.com/subject/3319755/,0
1851857,蝙蝠侠：黑暗骑士,9.2,美国 英国,2008,0,,美国 英国/剧情 动作 科幻 犯罪 惊悚,克里斯托弗·诺兰/Christopher/Nolan,https://movie.douban.com/subject/1851857/,0
1291552,指环王3：王者无敌,9.3,剧情 动作 奇幻 冒险/美国 新西兰/西恩... 2003,2003,0,,美国 新西兰/剧情 动作 奇幻 冒险,彼得·杰克逊/Peter/Jackson,https://movie.douban.com/subject/1291552/,0
26752088,我不是药神,9.0,中国大陆/剧情 喜剧/周... 2018,2018,0,,王传君 Chuanjun Wang/中国大陆/剧情 喜剧,文牧野/Muye/Wen,https://movie.douban.com/subject/26752088/,0
1300267,乱世佳人,9.3,剧情 历史 爱情 战争/美国,1939,0,,美国/剧情 历史 爱情 战争,维克多·弗莱明/Victor/Fleming,https://movie.douban.com/subject/1300267/,0
2129039,飞屋环游记,9.1,剧情 喜剧 动画 冒险/美国,2009,0,,美国/剧情 喜剧 动画 冒险,彼特·道格特/Pete/Docter,https://movie.douban.com/subject/2129039/,0
3742360,让子弹飞,9.0,中国大陆 中国香港/剧情 喜剧 动作 西部/葛优 You Ge,2010,0,,葛优 You Ge/中国大陆 中国香港/剧情 喜剧 动作 西部,姜文/Wen/Jiang,https://movie.douban.com/subject/3742360/,0
1308807,哈尔的移动城堡,9.1,日本/木村拓... 2004/爱情 动画 奇幻 冒险,2004,0,,日本/爱情 动画 奇幻 冒险,宫崎骏/Hayao/Miyazaki,https://movie.douban.com/subject/1308807/,0
1293182,十二怒汉,9.4,剧情/美国/马丁... 1957,1957,0,,美国/剧情,西德尼·吕美特/Sidney/Lumet,https://movie.douban.com/subject/1293182/,0
25958717,海蒂和爷爷,9.3,... 2015/剧情 冒险 家庭/德国 瑞士,2015,0,,德国 瑞士/剧情 冒险 家庭,阿兰·葛斯彭纳/Alain/Gsponer,https://movie.douban.com/subject/25958717/,0
21937452,素媛,9.3,剧情/韩国,2013,0,,韩国/剧情,李濬益/Jun-ik/Lee,https://movie.douban.com/subject/21937452/,0
1305487,猫鼠游戏,9.1,传记 犯罪 剧情/美国 加拿大,2002,0,,美国 加拿大/传记 犯罪 剧情,史蒂文·斯皮尔伯格/Steven/Spielberg,https://movie.douban.com/subject/1305487/,0
1291583,天空之城,9.2,动画 奇幻 冒险/日本,1986,0,,日本/动画 奇幻 冒险,宫崎骏/Hayao/Miyazaki,https://movie.douban.com/subject/1291583/,0
1291858,鬼子来了,9.3,... 2000/中国大陆/剧情 喜剧,2000,0,,香川照之 Teruyuki Kagawa/中国大陆/剧情 喜剧,姜文/Wen/Jiang,https://movie.douban.com/subject/1291858/,0
26387939,摔跤吧！爸爸,9.0,剧情 传记 运动 家庭/印度/法缇玛... 2016,2016,0,,印度/剧情 传记 运动 家庭,涅提·蒂瓦里/Nitesh/Tiwari,https://movie.douban.com/subject/26387939/,0
1929463,少年派的奇幻漂流,9.1,剧情 奇幻 冒险,2012,0,,美国 中国台湾 英国 加拿大/剧情 奇幻 冒险,李安/Ang/Lee,https://movie.douban.com/subject/1929463/,0
1296736,钢琴家,9.3,剧情 传记 战争 音乐,2002,0,,英国 法国 波兰 德国 美国/剧情 传记 战争 音乐,罗曼·波兰斯基/Roman/Polanski,https://movie.douban.com/subject/1296736/,0
1291572,指环王2：双塔奇兵,9.2,剧情 动作 奇幻 冒险/美国 新西兰/西恩... 2002,2002,0,,美国 新西兰/剧情 动作 奇幻 冒险,彼得·杰克逊/Peter/Jackson,https://movie.douban.com/subject/1291572/,0
1291548,死亡诗社,9.2,剧情/罗伯... 1989/美国,1989,0,,美国/剧情,彼得·威尔/Peter/Weir,https://movie.douban.com/subject/1291548/,0
1299398,大话西游之月光宝盒,9.0,中国香港 中国大陆/喜剧 爱情 奇幻 古装,1995,0,,中国香港 中国大陆/喜剧 爱情 奇幻 古装,刘镇伟/Jeffrey/Lau,https://movie.douban.com/subject/1299398/,0
27060077,绿皮书,8.9,... 2018/剧情 喜剧 传记 音乐/美国 中国大陆,2018,0,,美国 中国大陆/剧情 喜剧 传记 音乐,彼得·法雷里/Peter/Farrelly,https://movie.douban.com/subject/27060077/,0
30170448,何以为家,9.1,... 2018/剧情,2018,0,,剧情,娜丁·拉巴基/Nadine/Labaki,https://movie.douban.com/subject/30170448/,0
1298624,闻香识女人,9.1,克里斯... 1992/剧情/美国,1992,0,,美国/剧情,马丁·布莱斯/Martin/Brest,https://movie.douban.com/subject/1298624/,0
1418019,大闹天宫,9.4,1964(中国大陆)/1978(中国大陆)/中国大陆/剧情 动画 奇幻 古装,1961,0,,中国大陆/剧情 动画 奇幻 古装,万籁鸣/Laiming/Wan,https://movie.douban.com/subject/1418019/,0
1291843,黑客帝国,9.1,动作 科幻/美国,1999,0,,美国/动作 科幻,,https://movie.douban.com/subject/1291843/,0
1291571,指环王1：护戒使者,9.1,剧情 动作 奇幻 冒险/新西兰 美国 英国/西恩... 2001,2001,0,,新西兰 美国 英国/剧情 动作 奇幻 冒险,彼得·杰克逊/Peter/Jackson,https://movie.douban.com/subject/1291571/,0
1293839,罗马假日,9.1,喜剧 剧情 爱情/格... 1953/美国,1953,0,,美国/喜剧 剧情 爱情,威廉·惠勒/William/Wyler,https://movie.douban.com/subject/1293839/,0
1299131,教父2,9.3,剧情 犯罪/美国,1974,0,,美国/剧情 犯罪,弗朗西斯·福特·科波拉/Francis/Ford,https://movie.douban.com/subject/1299131/,0
1301753,狮子王,9.1,动画 冒险 歌舞/美国,1994,0,,美国/动画 冒险 歌舞,Roger/Allers,https://movie.douban.com/subject/1301753/,0
1291828,天堂电影院,9.2,剧情 爱情/意大利 法国,1988,0,,意大利 法国/剧情 爱情,朱塞佩·托纳多雷/Giuseppe/Tornatore,https://movie.douban.com/subject/1291828/,0
1291818,饮食男女,9.2,中国台湾 美国/剧情 家庭/吴... 1994,1994,0,,中国台湾 美国/剧情 家庭,李安/Ang/Lee,https://movie.douban.com/subject/1291818/,0
21937445,辩护人,9.2,剧情/韩国,2013,0,,韩国/剧情,杨宇硕/Woo-seok/Yang,https://movie.douban.com/subject/21937445/,0
1485260,本杰明·巴顿奇事,9.0,凯特·布... 2008/剧情 爱情 奇幻/美国,2008,0,,美国/剧情 爱情 奇幻,大卫·芬奇/David/Fincher,https://movie.douban.com/subject/1485260/,0
1292000,搏击俱乐部,9.0,剧情 动作 悬疑 惊悚/布拉... 1999/美国,1999,0,,美国/剧情 动作 悬疑 惊悚,大卫·芬奇/David/Fincher,https://movie.douban.com/subject/1292000/,0
1306029,美丽心灵,9.1,传记 剧情/美国/艾德·哈... 2001,2001,0,,美国/传记 剧情,朗·霍华德/Ron/Howard,https://movie.douban.com/subject/1306029/,0
3008247,穿条纹睡衣的男孩,9.2,剧情 战争/英国 美国,2008,0,,英国 美国/剧情 战争,马克·赫尔曼/Mark/Herman,https://movie.douban.com/subject/3008247/,0
1292220,情书,8.9,剧情 爱情/日本,1995,0,,日本/剧情 爱情,岩井俊二/Shunji/Iwai,https://movie.douban.com/subject/1292220/,0
3011235,哈利·波特与死亡圣器(下),9.0,奇幻 冒险/美国 英国,2011,0,,美国 英国/奇幻 冒险,大卫·叶茨/David/Yates,https://movie.douban.com/subject/3011235/,0
1293350,两杆大烟枪,9.1,剧情 喜剧 犯罪/德克斯特... 1998/英国,1998,0,,英国/剧情 喜剧 犯罪,盖·里奇/Guy/Ritchie,https://movie.douban.com/subject/1293350/,0
1900841,窃听风暴,9.2,剧情 悬疑/德国,2006,0,,德国/剧情 悬疑,弗洛里安·亨克尔·冯·多纳斯马尔克/Florian/Henckel,https://movie.douban.com/subject/1900841/,0
1294408,音乐之声,9.1,克... 1965/剧情 传记 爱情 歌舞/美国,1965,0,,美国/剧情 传记 爱情 歌舞,罗伯特·怀斯/Robert/Wise,https://movie.douban.com/subject/1294408/,0
1291543,功夫,8.9,... 2004/中国大陆 中国香港/元秋 Qiu Yuen/动作 喜剧 犯罪 奇幻,2004,0,,元秋 Qiu Yuen/中国大陆 中国香港/动作 喜剧 犯罪 奇幻,周星驰/Stephen/Chow,https://movie.douban.com/subject/1291543/,0
1291544,哈利·波特与阿兹卡班的囚徒,9.0,奇幻 冒险/英国 美国,2004,0,,英国 美国/奇幻 冒险,阿方索·卡隆/Alfonso/Cuarón,https://movie.douban.com/subject/1291544/,0
1292402,西西里的美丽传说,8.9,剧情 战争 情色/意大利 美国,2000,0,,意大利 美国/剧情 战争 情色,朱塞佩·托纳多雷/Giuseppe/Tornatore,https://movie.douban.com/subject/1292402/,0
1652587,阿凡达,8.8,动作 科幻 冒险/美国,2009,0,,美国/动作 科幻 冒险,詹姆斯·卡梅隆/James/Cameron,https://movie.douban.com/subject/1652587/,0
26580232,看不见的客人,8.8,剧情 犯罪 悬疑 惊悚/西班牙/阿... 2016,2016,0,,西班牙/剧情 犯罪 悬疑 惊悚,奥里奥尔·保罗/Oriol/Paulo,https://movie.douban.com/subject/26580232/,0
1292849,拯救大兵瑞恩,9.1,剧情 战争/美国,1998,0,,美国/剧情 战争,史蒂文·斯皮尔伯格/Steven/Spielberg,https://movie.douban.com/subject/1292849/,0
1293544,沉默的羔羊,8.9,剧情 犯罪 惊悚/安... 1991/美国,1991,0,,美国/剧情 犯罪 惊悚,乔纳森·戴米/Jonathan/Demme,https://movie.douban.com/subject/1293544/,0
1303021,小鞋子,9.2,伊朗/剧情 儿童 家庭,1997,0,,伊朗/剧情 儿童 家庭,马基德·马基迪/Majid/Majidi,https://movie.douban.com/subject/1303021/,0
11525673,布达佩斯大饭店,8.9,... 2014/剧情 喜剧 冒险/美国 德国 英国,2014,0,,美国 德国 英国/剧情 喜剧 冒险,韦斯·安德森/Wes/Anderson,https://movie.douban.com/subject/11525673/,0
1292343,蝴蝶效应,8.9,剧情 悬疑 科幻 惊悚/美国 加拿大,2004,0,,美国 加拿大/剧情 悬疑 科幻 惊悚,,https://movie.douban.com/subject/1292343/,0
1292224,飞越疯人院,9.1,剧情/美国,1975,0,,美国/剧情,米洛斯·福尔曼/Miloš/Forman,https://movie.douban.com/subject/1292224/,0
2334904,禁闭岛,8.9,... 2010/剧情 悬疑 惊悚/美国,2010,0,,美国/剧情 悬疑 惊悚,Martin/Scorsese,https://movie.douban.com/subject/2334904/,0
36445098,还有明天,9.3,剧情 喜剧 历史/意大利,2023,0,,意大利/剧情 喜剧 历史,宝拉·柯特莱西/Paola/Cortellesi,https://movie.douban.com/subject/36445098/,0
1292656,心灵捕手,9.0,剧情/罗宾·... 1997/美国,1997,0,,美国/剧情,格斯·范·桑特/Gus/Van,https://movie.douban.com/subject/1292656/,0
1780330,致命魔术,8.9,剧情 悬疑 惊悚/英国 美国,2006,0,,英国 美国/剧情 悬疑 惊悚,克里斯托弗·诺兰/Christopher/Nolan,https://movie.douban.com/subject/1780330/,0
1291832,低俗小说,8.9,剧情 喜剧 犯罪/美国,1994,0,,美国/剧情 喜剧 犯罪,昆汀·塔伦蒂诺/Quentin/Tarantino,https://movie.douban.com/subject/1291832/,0
5322596,超脱,9.0,剧情/美国/马西... 2011,2011,0,,美国/剧情,托尼·凯耶/Tony/Kaye,https://movie.douban.com/subject/5322596/,0
1296996,哈利·波特与密室,8.9,奇幻 冒险/艾玛... 2002/英国 美国,2002,0,,英国 美国/奇幻 冒险,Chris/Columbus,https://movie.douban.com/subject/1296996/,0
1292434,一一,9.1,中国台湾 日本/剧情 爱情 家庭,2000,0,,李凯莉 Kelly Lee/中国台湾 日本/剧情 爱情 家庭,杨德昌/Edward/Yang,https://movie.douban.com/subject/1292434/,0
1302425,喜剧之王,8.8,中国香港/喜剧 剧情 爱情,1999,0,,中国香港/喜剧 剧情 爱情,周星驰/Stephen/Chow,https://movie.douban.com/subject/1302425/,0
1294371,摩登时代,9.3,剧情 喜剧 爱情/美国,1936,0,,美国/剧情 喜剧 爱情,查理·卓别林/Charles/Chaplin,https://movie.douban.com/subject/1294371/,0
1300299,杀人回忆,8.9,韩国,2003,0,,韩国/剧情 动作 犯罪 悬疑 惊悚,奉俊昊/Joon-ho/Bong,https://movie.douban.com/subject/1300299/,0
1297192,致命ID,8.9,剧情 悬疑 惊悚/美国/雷... 2003,2003,0,,美国/剧情 悬疑 惊悚,詹姆斯·曼高德/James/Mangold,https://movie.douban.com/subject/1297192/,0
1292679,春光乍泄,9.0,中国香港 日本 韩国/剧情 爱情 同性,1997,0,,中国香港 日本 韩国/剧情 爱情 同性,王家卫/Kar/Wai,https://movie.douban.com/subject/1292679/,0
1298070,加勒比海盗,8.8,... 2003/动作 冒险 奇幻/美国,2003,0,,美国/动作 冒险 奇幻,戈尔·维宾斯基/Gore/Verbinski,https://movie.douban.com/subject/1298070/,0
3442220,海豚湾,9.3,纪录片/美国,2009,0,,美国/纪录片,路易·西霍尤斯/Louie/Psihoyos,https://movie.douban.com/subject/3442220/,0
1292262,美国往事,9.1,犯罪 剧情/美国 意大利,1984,0,,美国 意大利/犯罪 剧情,赛尔乔·莱翁内/Sergio/Leone,https://movie.douban.com/subject/1292262/,0
1865703,红辣椒,9.0,动画 悬疑 科幻 惊悚/日本,2006,0,,日本/动画 悬疑 科幻 惊悚,今敏/Satoshi/Kon,https://movie.douban.com/subject/1865703/,0
1292223,七宗罪,8.8,剧情 犯罪 悬疑 惊悚/布... 1995/美国,1995,0,,美国/剧情 犯罪 悬疑 惊悚,大卫·芬奇/David/Fincher,https://movie.douban.com/subject/1292223/,0
1306249,唐伯虎点秋香,8.8,中国香港/喜剧 爱情 古装/巩俐 Li Gong/陈... 1993,1993,0,,巩俐 Li Gong/中国香港/喜剧 爱情 古装,李力持/Lik-Chi/Lee,https://movie.douban.com/subject/1306249/,0
6985810,狩猎,9.1,丹麦 瑞典/剧情,2012,0,,丹麦 瑞典/剧情,托马斯·温特伯格/Thomas/Vinterberg,https://movie.douban.com/subject/6985810/,0
1297359,幽灵公主,8.9,动画 奇幻 冒险/日本/石田百合... 1997,1997,0,,日本/动画 奇幻 冒险,宫崎骏/Hayao/Miyazaki,https://movie.douban.com/subject/1297359/,0
1305164,甜蜜蜜,8.9,... 1996/中国香港/剧情 爱情,1996,0,,张曼玉 Maggie Cheung/中国香港/剧情 爱情,陈可辛/Peter/Chan,https://movie.douban.com/subject/1305164/,0
27010768,寄生虫,8.8,剧情/韩国,2019,0,,韩国/剧情,奉俊昊/Joon-ho/Bong,https://movie.douban.com/subject/27010768/,0
1428581,天书奇谭,9.2,2021/中国大陆/动画 奇幻,1983,0,,中国大陆/动画 奇幻,王树忱/Shuchen/Wang,https://movie.douban.com/subject/1428581/,0
3395373,蝙蝠侠：黑暗骑士崛起,8.9,美国 英国,2012,0,,美国 英国/剧情 动作 科幻 犯罪 惊悚,克里斯托弗·诺兰/Christopher/Nolan,https://movie.douban.com/subject/3395373/,0
11026735,超能陆战队,8.8,美国,2014,0,,美国/喜剧 动作 科幻 动画 冒险,唐·霍尔/Don/Hall,https://movie.douban.com/subject/11026735/,0
10777687,7号房的礼物,8.9,剧情 喜剧 家庭/韩国,2013,0,,韩国/剧情 喜剧 家庭,李焕庆/Hwan-kyeong/Lee,https://movie.douban.com/subject/10777687/,0
1297630,第六感,8.9,剧情 悬疑 惊悚/美国,1999,0,,美国/剧情 悬疑 惊悚,M·奈特·沙马兰/M./Night,https://movie.douban.com/subject/1297630/,0
1461403,茶馆,9.5,中国大陆/剧情 历史/郑榕 Rong Zhen,1982,0,,郑榕 Rong Zhen/中国大陆/剧情 历史,谢添/Tian/Xie,https://movie.douban.com/subject/1461403/,0
1296339,爱在黎明破晓前,8.8,剧情 爱情/美国 奥地利 瑞士,1995,0,,美国 奥地利 瑞士/剧情 爱情,理查德·林克莱特/Richard/Linklater,https://movie.douban.com/subject/1296339/,0
1291990,爱在日落黄昏时,8.9,剧情 爱情/美国 法国,2004,0,,美国 法国/剧情 爱情,理查德·林克莱特/Richard/Linklater,https://movie.douban.com/subject/1291990/,0
1787291,被嫌弃的松子的一生,8.8,剧情 歌舞/日本/瑛太 E... 2006,2006,0,,日本/剧情 歌舞,中岛哲也/Tetsuya/Nakashima,https://movie.douban.com/subject/1787291/,0
1309055,哈利·波特与火焰杯,8.8,悬疑 奇幻 冒险/英国 美国,2005,0,,英国 美国/悬疑 奇幻 冒险,迈克·内威尔/Mike/Newell,https://movie.douban.com/subject/1309055/,0
10533913,头脑特工队,8.8,喜剧 动画 冒险/美国,2015,0,,美国/喜剧 动画 冒险,彼特·道格特/Pete/Docter,https://movie.douban.com/subject/10533913/,0
1395091,未麻的部屋,9.1,日本,1997,0,,日本/剧情 犯罪 动画 悬疑 惊悚,今敏/Satoshi/Kon,https://movie.douban.com/subject/1395091/,0
1291999,重庆森林,8.8,中国香港/剧情 爱情,1994,0,,中国香港/剧情 爱情,王家卫/Kar/Wai,https://movie.douban.com/subject/1291999/,0
4202302,借东西的小人阿莉埃蒂,8.9,动画 奇幻 冒险/日本/神木... 2010,2010,0,,日本/动画 奇幻 冒险,米林宏昌/Hiromasa/Yonebayashi,https://movie.douban.com/subject/4202302/,0
1293359,菊次郎的夏天,8.9,剧情 喜剧/日本,1999,0,,日本/剧情 喜剧,北野武/Takeshi/Kitano,https://movie.douban.com/subject/1293359/,0
2149806,入殓师,8.9,... 2008/剧情/日本,2008,0,,日本/剧情,泷田洋二郎/Yôjirô/Takita,https://movie.douban.com/subject/2149806/,0
1418834,断背山,8.8,剧情 爱情 同性 家庭/美国 加拿大,2005,0,,美国 加拿大/剧情 爱情 同性 家庭,李安/Ang/Lee,https://movie.douban.com/subject/1418834/,0
1292370,剪刀手爱德华,8.7,剧情 爱情 奇幻/美国/薇诺娜·... 1990,1990,0,,美国/剧情 爱情 奇幻,蒂姆·波顿/Tim/Burton,https://movie.douban.com/subject/1292370/,0
1294639,勇敢的心,8.9,美国/苏菲·玛... 1995,1995,0,,美国/动作 传记 剧情 历史 战争,梅尔·吉布森/Mel/Gibson,https://movie.douban.com/subject/1294639/,0
10577869,时空恋旅人,8.8,喜剧 爱情 奇幻/英国 美国,2013,0,,英国 美国/喜剧 爱情 奇幻,理查德·柯蒂斯/Richard/Curtis,https://movie.douban.com/subject/10577869/,0
2353023,驯龙高手,8.8,动画 奇幻 冒险/美国,2010,0,,美国/动画 奇幻 冒险,迪恩·德布洛斯/Dean/DeBlois,https://movie.douban.com/subject/2353023/,0
21318488,消失的爱人,8.7,剧情 犯罪 悬疑 惊悚/罗莎蒙... 2014/美国,2014,0,,美国/剧情 犯罪 悬疑 惊悚,大卫·芬奇/David/Fincher,https://movie.douban.com/subject/21318488/,0
1292337,无人知晓,9.1,剧情/北浦爱... 2004/日本,2004,0,,日本/剧情,是枝裕和/Hirokazu/Koreeda,https://movie.douban.com/subject/1292337/,0
1297447,倩女幽魂,8.8,中国香港/爱情 奇幻 武侠 古装,1987,0,,中国香港/爱情 奇幻 武侠 古装,程小东/Siu-Tung/Ching,https://movie.douban.com/subject/1297447/,0
1418200,傲慢与偏见,8.7,剧情 爱情/法国 英国 美国/马修·... 2005,2005,0,,法国 英国 美国/剧情 爱情,乔·怀特/Joe/Wright,https://movie.douban.com/subject/1418200/,0
10437779,新世界,8.9,剧情 犯罪/韩国,2013,0,,韩国/剧情 犯罪,朴勋政/Hoon-jung/Park,https://movie.douban.com/subject/10437779/,0
1291557,花样年华,8.8,中国香港/剧情 爱情,2000,0,,中国香港/剧情 爱情,王家卫/Kar/Wai,https://movie.douban.com/subject/1291557/,0
1858711,玩具总动员3,8.9,喜剧 动画 奇幻 冒险/美国/蒂姆·艾... 2010,2010,0,,美国/喜剧 动画 奇幻 冒险,李·昂克里奇/Lee/Unkrich,https://movie.douban.com/subject/1858711/,0
26628357,一个叫欧维的男人决定去死,8.9,剧情/瑞典,2015,0,,瑞典/剧情,汉内斯·赫尔姆/Hannes/Holm,https://movie.douban.com/subject/26628357/,0
1300992,完美的世界,9.1,剧情 犯罪/美国,1993,0,,美国/剧情 犯罪,克林特·伊斯特伍德/Clint/Eastwood,https://movie.douban.com/subject/1300992/,0
1828115,色，戒,8.7,... 2007/剧情 爱情 情色/汤唯 Wei Tang,2007,0,,汤唯 Wei Tang/中国台湾 中国大陆 美国 中国香港/剧情 爱情 情色,李安/Ang/Lee,https://movie.douban.com/subject/1828115/,0
1291875,阳光灿烂的日子,8.8,中国大陆 中国香港/剧情 爱情/宁静 Jing Ning,1994,0,,宁静 Jing Ning/中国大陆 中国香港/剧情 爱情,姜文/Wen/Jiang,https://movie.douban.com/subject/1291875/,0
1291579,怪兽电力公司,8.8,美国,2001,0,,美国/儿童 喜剧 动画 奇幻 冒险,彼特·道格特/Pete/Docter,https://movie.douban.com/subject/1291579/,0
25814705,小森林 夏秋篇,9.0,剧情/日本,2014,0,,日本/剧情,森淳一/Junichi/Mori,https://movie.douban.com/subject/25814705/,0
1292215,天使爱美丽,8.7,剧情 喜剧 爱情/法国 德国,2001,0,,法国 德国/剧情 喜剧 爱情,让-皮埃尔·热内/Jean-Pierre/Jeunet,https://movie.douban.com/subject/1292215/,0
1294240,教父3,9.0,剧情 犯罪/美国,1990,0,,美国/剧情 犯罪,弗朗西斯·福特·科波拉/Francis/Ford,https://movie.douban.com/subject/1294240/,0
1297052,侧耳倾听,8.9,剧情 爱情 动画/日本,1995,0,,日本/剧情 爱情 动画,近藤喜文/Yoshifumi/Kondo,https://movie.douban.com/subject/1297052/,0
1307315,哪吒闹海,9.2,中国大陆/冒险 动画 奇幻,1979,0,,中国大陆/冒险 动画 奇幻,王树忱/Shuchen/Wang,https://movie.douban.com/subject/1307315/,0
1297518,九品芝麻官,8.8,... 1994/中国香港/剧情 喜剧 古装,1994,0,,吴孟达 Man Tat Ng/中国香港/剧情 喜剧 古装,王晶/Jing/Wong,https://movie.douban.com/subject/1297518/,0
6307447,被解救的姜戈,8.8,... 2012/剧情 动作 西部 冒险/美国,2012,0,,美国/剧情 动作 西部 冒险,昆汀·塔伦蒂诺/Quentin/Tarantino,https://movie.douban.com/subject/6307447/,0
26799731,请以你的名字呼唤我,8.8,... 2017/剧情 爱情 同性/意大利 法国 巴西 美国,2017,0,,意大利 法国 巴西 美国/剧情 爱情 同性,卢卡·瓜达尼诺/Luca/Guadagnino,https://movie.douban.com/subject/26799731/,0
1292274,幸福终点站,8.8,喜剧 剧情 爱情/美国,2004,0,,美国/喜剧 剧情 爱情,史蒂文·斯皮尔伯格/Steven/Spielberg,https://movie.douban.com/subject/1292274/,0
25986180,釜山行,8.6,动作 惊悚 灾难/韩国/马... 2016,2016,0,,韩国/动作 惊悚 灾难,延尚昊/Sang-ho/Yeon,https://movie.douban.com/subject/25986180/,0
3287562,神偷奶爸,8.7,喜剧 动画 冒险/美国 法国,2010,0,,美国 法国/喜剧 动画 冒险,皮艾尔·柯芬/Pierre/Coffin,https://movie.douban.com/subject/3287562/,0
25814707,小森林 冬春篇,9.0,剧情/日本,2015,0,,日本/剧情,森淳一/Junichi/Mori,https://movie.douban.com/subject/25814707/,0
1303037,喜宴,9.0,中国台湾 美国/郎... 1993,1993,0,,中国台湾 美国/剧情 喜剧 爱情 同性 家庭,李安/Ang/Lee,https://movie.douban.com/subject/1303037/,0
5989818,萤火之森,8.8,剧情 爱情 动画 奇幻/日本,2011,0,,日本/剧情 爱情 动画 奇幻,大森贵弘/Takahiro/Omori,https://movie.douban.com/subject/5989818/,0
4268598,告白,8.8,剧情 悬疑/日本,2010,0,,日本/剧情 悬疑,中岛哲也/Tetsuya/Nakashima,https://movie.douban.com/subject/4268598/,0
3072124,玛丽和麦克斯,9.0,剧情 喜剧 动画/澳大利亚 美国/菲利... 2009,2009,0,,澳大利亚 美国/剧情 喜剧 动画,亚当·艾略特/Adam/Elliot,https://movie.douban.com/subject/3072124/,0
1295399,七武士,9.3,动作 冒险 剧情/志村乔 ... 1954/日本,1954,0,,日本/动作 冒险 剧情,黑泽明/Akira/Kurosawa,https://movie.douban.com/subject/1295399/,0
4920389,头号玩家,8.6,动作 科幻 冒险/美国,2018,0,,美国/动作 科幻 冒险,史蒂文·斯皮尔伯格/Steven/Spielberg,https://movie.douban.com/subject/4920389/,0
10463953,模仿游戏,8.8,剧情 传记 战争 同性/英国 美国,2014,0,,英国 美国/剧情 传记 战争 同性,莫滕·泰杜姆/Morten/Tyldum,https://movie.douban.com/subject/10463953/,0
1293181,惊魂记,9.0,悬疑 惊悚 恐怖/美国,1960,0,,美国/悬疑 惊悚 恐怖,阿尔弗雷德·希区柯克/Alfred/Hitchcock,https://movie.douban.com/subject/1293181/,0
1291545,大鱼,8.8,剧情 爱情 奇幻 冒险/美国/阿... 2003,2003,0,,美国/剧情 爱情 奇幻 冒险,蒂姆·波顿/Tim/Burton,https://movie.douban.com/subject/1291545/,0
24733428,心灵奇旅,8.7,动画 奇幻 音乐/美国,2020,0,,美国/动画 奇幻 音乐,彼特·道格特/Pete/Docter,https://movie.douban.com/subject/24733428/,0
1316510,射雕英雄传之东成西就,8.7,中国香港/喜剧 奇幻 武侠 古装,1993,0,,中国香港/喜剧 奇幻 武侠 古装,刘镇伟/Jeffrey/Lau,https://movie.douban.com/subject/1316510/,0
26325320,血战钢锯岭,8.7,... 2016/剧情 传记 历史 战争/澳大利亚 美国,2016,0,,澳大利亚 美国/剧情 传记 历史 战争,梅尔·吉布森/Mel/Gibson,https://movie.douban.com/subject/26325320/,0
1307856,背靠背，脸对脸,9.5,中国大陆 中国香港/剧情,1994,0,,中国大陆 中国香港/剧情,黄建新/Jianxin/Huang,https://movie.douban.com/subject/1307856/,0
35426925,机器人之梦,9.1,剧情 动画 音乐/西班牙 法国,2023,0,,西班牙 法国/剧情 动画 音乐,巴勃罗·贝格尔/Pablo/Berger,https://movie.douban.com/subject/35426925/,0
26683290,你的名字。,8.5,上... 2016/剧情 爱情 动画/日本,2016,0,,日本/剧情 爱情 动画,新海诚/Makoto/Shinkai,https://movie.douban.com/subject/26683290/,0
1306861,我是山姆,9.0,Mi... 2001/剧情 家庭/美国,2001,0,,Dakota Fanning/美国/剧情 家庭,杰茜·尼尔森/Jessie/Nelson,https://movie.douban.com/subject/1306861/,0
4917726,阳光姐妹淘,8.8,剧情 喜剧/韩国,2011,0,,韩国/剧情 喜剧,姜炯哲/Hyeong-Cheol/Kang,https://movie.douban.com/subject/4917726/,0
21360417,恐怖直播,8.7,剧情 犯罪 悬疑/韩国,2013,0,,韩国/剧情 犯罪 悬疑,金秉祐/Byeong-woo/Kim,https://movie.douban.com/subject/21360417/,0
1302467,黑客帝国3：矩阵革命,8.8,动作 科幻/美国,2003,0,,美国/动作 科幻,拉娜·沃卓斯基/Lana/Wachowski,https://movie.douban.com/subject/1302467/,0
1291992,末路狂花,9.0,犯罪 剧情 惊悚/美国 英国 法国/苏... 1991,1991,0,,美国 英国 法国/犯罪 剧情 惊悚,雷德利·斯科特/Ridley/Scott,https://movie.douban.com/subject/1291992/,0
27119724,小丑,8.7,剧情 犯罪 惊悚/美国 加拿大,2019,0,,美国 加拿大/剧情 犯罪 惊悚,托德·菲利普斯/Todd/Phillips,https://movie.douban.com/subject/27119724/,0
26611804,三块广告牌,8.7,剧情 犯罪/英国 美国,2017,0,,英国 美国/剧情 犯罪,马丁·麦克唐纳/Martin/McDonagh,https://movie.douban.com/subject/26611804/,0
1578507,谍影重重3,8.9,... 2007/动作 悬疑 惊悚/美国 德国 法国 英国,2007,0,,美国 德国 法国 英国/动作 悬疑 惊悚,保罗·格林格拉斯/Paul/Greengrass,https://movie.douban.com/subject/1578507/,0
1417598,电锯惊魂,8.7,加利·艾... 2004/悬疑 惊悚 恐怖/美国,2004,0,,美国/悬疑 惊悚 恐怖,詹姆斯·温/James/Wan,https://movie.douban.com/subject/1417598/,0
1422283,高山下的花环,9.5,1985/中国大陆/剧情 战争,1984,0,,唐国强 Guoqiang Tang/中国大陆/剧情 战争,谢晋/Jin/Xie,https://movie.douban.com/subject/1422283/,0
1307106,无间道2,8.8,... 2003/中国香港/剧情 犯罪 惊悚,2003,0,,中国香港/剧情 犯罪 惊悚,刘伟强/Andrew/Lau,https://movie.douban.com/subject/1307106/,0
1793929,达拉斯买家俱乐部,8.8,剧情 传记 同性/美国,2013,0,,美国/剧情 传记 同性,让-马克·瓦雷/Jean-Marc/Vallée,https://movie.douban.com/subject/1793929/,0
1907966,疯狂原始人,8.7,喜剧 动画 冒险/美国,2013,0,,美国/喜剧 动画 冒险,,https://movie.douban.com/subject/1907966/,0
1300374,绿里奇迹,8.9,... 1999/犯罪 剧情 奇幻 悬疑/美国,1999,0,,美国/犯罪 剧情 奇幻 悬疑,弗兰克·德拉邦特/Frank/Darabont,https://movie.douban.com/subject/1300374/,0
10808442,爱在午夜降临前,8.9,剧情 爱情/美国 希腊,2013,0,,美国 希腊/剧情 爱情,理查德·林克莱特/Richard/Linklater,https://movie.douban.com/subject/10808442/,0
1862151,疯狂的石头,8.6,中国大陆 中国香港/刘桦 Hua Liu/喜剧 犯罪,2006,0,,刘桦 Hua Liu/中国大陆 中国香港/喜剧 犯罪,宁浩/Hao/Ning,https://movie.douban.com/subject/1862151/,0
1293460,雨中曲,9.1,喜剧 歌舞 爱情/美国,1952,0,,美国/喜剧 歌舞 爱情,斯坦利·多南/Stanley/Donen,https://movie.douban.com/subject/1293460/,0
1292226,2001太空漫游,8.9,... 1968/科幻 惊悚 冒险/英国 美国,1968,0,,英国 美国/科幻 惊悚 冒险,斯坦利·库布里克/Stanley/Kubrick,https://movie.douban.com/subject/1292226/,0
25895901,海街日记,8.8,剧情 家庭/日本,2015,0,,日本/剧情 家庭,是枝裕和/Hirokazu/Koreeda,https://movie.douban.com/subject/25895901/,0
1291585,风之谷,8.9,动画 奇幻 冒险/日本,1984,0,,日本/动画 奇幻 冒险,宫崎骏/Hayao/Miyazaki,https://movie.douban.com/subject/1291585/,0
1292208,上帝之城,9.0,巴西 法国/犯罪 剧情,2002,0,,巴西 法国/犯罪 剧情,费尔南多·梅里尔斯/Fernando/Meirelles,https://movie.douban.com/subject/1292208/,0
25917973,心迷宫,8.7,中国大陆/剧情 犯罪 悬疑,2014,0,,中国大陆/剧情 犯罪 悬疑,忻钰坤/Yukun/Xin,https://movie.douban.com/subject/25917973/,0
1297574,英雄本色,8.6,中国香港/剧情 动作 犯罪/张国... 1986/狄龙 Lung Ti,1986,0,,狄龙 Lung Ti/中国香港/剧情 动作 犯罪,吴宇森/John/Woo,https://movie.douban.com/subject/1297574/,0
1304447,记忆碎片,8.7,... 2000/犯罪 剧情 悬疑 惊悚/美国,2000,0,,美国/犯罪 剧情 悬疑 惊悚,克里斯托弗·诺兰/Christopher/Nolan,https://movie.douban.com/subject/1304447/,0
1295409,纵横四海,8.8,中国香港/剧情 喜剧 动作 犯罪,1991,0,,中国香港/剧情 喜剧 动作 犯罪,吴宇森/John/Woo,https://movie.douban.com/subject/1295409/,0
6534248,无敌破坏王,8.7,喜剧 动画 奇幻 冒险/美国/萨拉... 2012,2012,0,,美国/喜剧 动画 奇幻 冒险,瑞奇·莫尔/Rich/Moore,https://movie.douban.com/subject/6534248/,0
1291822,卢旺达饭店,8.9,剧情 传记 历史 战争/苏菲·奥... 2004/英国 南非 意大利 美国,2004,0,,英国 南非 意大利 美国/剧情 传记 历史 战争,特瑞·乔治/Terry/George,https://movie.douban.com/subject/1291822/,0
1310177,东京教父,9.0,剧情 喜剧 动画/日本,2003,0,,日本/剧情 喜剧 动画,今敏/Satoshi/Kon,https://movie.douban.com/subject/1310177/,0
27622447,小偷家族,8.7,剧情 犯罪 家庭/日本,2018,0,,日本/剧情 犯罪 家庭,是枝裕和/Hirokazu/Koreeda,https://movie.douban.com/subject/27622447/,0
3011051,恐怖游轮,8.5,科幻 悬疑 奇幻 惊悚/英国 澳大利亚,2009,0,,英国 澳大利亚/科幻 悬疑 奇幻 惊悚,克里斯托弗·史密斯/Christopher/Smith,https://movie.douban.com/subject/3011051/,0
1292329,牯岭街少年杀人事件,8.9,中国台湾/剧情 犯罪/张... 1991,1991,0,,杨静怡 Lisa Yang/中国台湾/剧情 犯罪,杨德昌/Edward/Yang,https://movie.douban.com/subject/1292329/,0
1291578,冰川时代,8.7,喜剧 动画 冒险/美国,2002,0,,美国/喜剧 动画 冒险,,https://movie.douban.com/subject/1291578/,0
1307811,魔女宅急便,8.7,动画 奇幻 冒险/日本,1989,0,,日本/动画 奇幻 冒险,宫崎骏/Hayao/Miyazaki,https://movie.douban.com/subject/1307811/,0
1297880,芙蓉镇,9.3,中国大陆/剧情 爱情/姜文 Wen Jiang/郑在石... 1987,1987,0,,姜文 Wen Jiang/中国大陆/剧情 爱情,谢晋/Jin/Xie,https://movie.douban.com/subject/1297880/,0
1959195,忠犬八公物语,9.2,... 1987/剧情/日本,1987,0,,日本/剧情,神山征二郎/Seijirô/Kôyama,https://movie.douban.com/subject/1959195/,0
3792799,岁月神偷,8.7,中国香港 中国大陆/剧情 家庭/钟绍... 2010,2010,0,,任达华 Simon Yam/中国香港 中国大陆/剧情 家庭,罗启锐/Alex/Law,https://movie.douban.com/subject/3792799/,0
